CAP RATE,BBL,price_per_blgd,housenumber,streetname,businessaddrs,ownernames,allcontacts,corpnames,Last sold,HOW MUCH?,Total Income,Total Expenses,Net Income,
141.97%,3073570001,"$650,000.00",4190,BEDFORD AVENUE,3030 OCEAN AVENUE AA 11235,"MAX ROVT (Officer), STEVE QUINONES (SiteManager), ROBERT IZSAK (Agent), ROBERT IZSAK (HeadOfficer)","ROBERT IZSAK (Agent), 3030 OCEAN AVENUE AA BROOKLYN, NY 11235; ROBERT IZSAK (HeadOfficer), 3030 OCEAN AVENUE AA BROOKLYN, NY 11235; MAX ROVT (Officer), 3030 OCEAN AVENUE AA BROOKLYN, NY 11235; STEVE QUINONES (SiteManager); HARVARD II REALTY LLC (Corporation), 3030 OCEAN AVENUE AA BROOKLYN, NY 11235",HARVARD II REALTY LLC,,,"$1,352,659.00","$429,885.00","$922,774.00",#N/A
115.05%,3069280050,"$1,000,000.00",268,BAY 38TH STREET,3030 OCEAN AVENUE AA 11235,"ROBERT IZSAK (HeadOfficer), MAX ROVT (Officer), SAM KARAPETAN (SiteManager), ROBERT IZSAK (Agent)","ROBERT IZSAK (Agent), 3030 OCEAN AVENUE AA BROOKLYN, NY 11235; ROBERT IZSAK (HeadOfficer), 3030 OCEAN AVENUE AA BROOKLYN, NY 11235; MAX ROVT (Officer), 3030 OCEAN AVENUE AA BROOKLYN, NY 11235; SAM KARAPETAN (SiteManager); OXFORD II REALTY LLC (Corporation), 3030 OCEAN AVENUE AA BROOKLYN, NY 11235",OXFORD II REALTY LLC,,,"$2,162,725.00","$1,012,183.00","$1,150,542.00",
104.87%,3074220917,"$850,000.00",2440,EAST 29TH STREET,3030 OCEAN AVENUE AA 11235,"ROBERT IZSAK (Agent), ROBERT IZSAK (HeadOfficer), MAX ROVT (Officer), EDGAR KARAPETIAN (SiteManager)","ROBERT IZSAK (Agent), 3030 OCEAN AVENUE AA BROOKLYN, NY 11235; ROBERT IZSAK (HeadOfficer), 3030 OCEAN AVENUE AA BROOKLYN, NY 11235; MAX ROVT (Officer), 3030 OCEAN AVENUE AA BROOKLYN, NY 11235; EDGAR KARAPETIAN (SiteManager); YALE REALTY LLC (Corporation), 3030 OCEAN AVENUE AA BROOKLYN, NY 11235",YALE REALTY LLC,,,"$1,534,213.00","$642,856.00","$891,357.00",
94.21%,3074640022,"$950,000.00",3030,OCEAN AVENUE,3030 OCEAN AVENUE AA 11235,"ROBERT IZSAK (HeadOfficer), MAX ROVT (Officer), EDDIE MASHA MASHA (SiteManager), ROBERT IZSAK (Agent)","ROBERT IZSAK (Agent), 3030 OCEAN AVENUE AA BROOKLYN, NY 11235; ROBERT IZSAK (HeadOfficer), 3030 OCEAN AVENUE AA BROOKLYN, NY 11235; MAX ROVT (Officer), 3030 OCEAN AVENUE AA BROOKLYN, NY 11235; EDDIE MASHA MASHA (SiteManager); RIZARO OCEAN AVE LLC (Corporation), 3030 OCEAN AVENUE AA BROOKLYN, NY 11235",RIZARO OCEAN AVE LLC,,,"$1,331,333.00","$436,382.00","$894,951.00",
68.77%,3050060006,"$750,000.00",3111,GLENWOOD ROAD,3030 OCEAN AVENUE AA 11235,"ROBERT IZSAK (Agent), ROBERT IZSAK (HeadOfficer), MAX ROVT (Officer), ELEZI PERPARIM (SiteManager)","ROBERT IZSAK (Agent), 3030 OCEAN AVENUE AA BROOKLYN, NY 11235; ROBERT IZSAK (HeadOfficer), 3030 OCEAN AVENUE AA BROOKLYN, NY 11235; MAX ROVT (Officer), 3030 OCEAN AVENUE AA BROOKLYN, NY 11235; ELEZI PERPARIM (SiteManager); RIZARO REALTY LLC (Corporation), 3030 OCEAN AVENUE AA BROOKLYN, NY 11235",RIZARO REALTY LLC,,,"$851,296.00","$335,496.00","$515,800.00",
66.14%,1009110064,"$2,906,950.00",443,3 AVENUE,"282F CEDAR BRIDGE AVENUE
LAKEWOOD, NJ 08701","ELLIOT HEIFETZ, HANA FINK, MEIR STEFANSKY, JEAN POMPEE, SECURITAD I (206 206TH EAST 31ST STREET APT2A)",,HS THREE LLC,,,"$2,918,085.00","$995,340.00","$1,922,745.00",
50.49%,3067570031,"$850,000.00",1928,OCEAN AVENUE,3030 OCEAN AVENUE AA 11235,"ROBERT IZSAK (HeadOfficer), MAX ROVT (Officer), ROBERT IZSAK (Agent)","ROBERT IZSAK (Agent), 3030 OCEAN AVENUE AA BROOKLYN, NY 11235; ROBERT IZSAK (HeadOfficer), 3030 OCEAN AVENUE AA BROOKLYN, NY 11235; MAX ROVT (Officer), 3030 OCEAN AVENUE AA BROOKLYN, NY 11235; RIZARO 1940 LLC (Corporation), 3030 OCEAN AVENUE AA BROOKLYN, NY 11235",RIZARO 1940 LLC,,,"$782,320.00","$353,197.00","$429,123.00",
47.30%,3026250040,"$760,000.00",130,DIAMOND STREET,"82 halsey street brooklyn, ny 11216",EDWARD VAYS,"SUNILDA DE LOS SANTOS, BENJAMIN SMUK, MARCELO LEON",HEB DIAMOND LLC,"2/18/21 for $1,000,000 https://whoownswhat.justfix.org/en/address/BROOKLYN/130/DIAMOND%20STREET","$1,000,000.00","$410,313.00","$50,801.00","$359,512.00",
35.95%,3026250040,"$1,000,000.00","same as previous one, probably MORE accurate price",,,,,,,,"$410,313.00","$50,801.00","$359,512.00",
33.43%,1012710059,"$353,000.00",38,west 56 street,"250 WEST 57TH STREET 720
NEW YORK, NY 10107","RUSSELL NYPE, MAGDALENA KOSZ (THEY ARE TONS OF ASSOCIATED BUILDINGS ACCORDING TO WHOOWNSWHAT)","TIMOTHY POPKO,",A.J. CLARKE REAL ESTAE CORP. (YES IT'S WRITTEN WITH A TYPO WHOOWNSWHAT),12/22/20,"$353,000.00","$256,313.00","$138,303.00","$118,010.00",
23.19%,1008840048,"$11,000,000.00",402,3 AVENUE,"103 WEST 55TH STREET
NEW YORK, NY 10019",DONALD ZUCKER,"THOMAS ESCHMANN, ALBERT BERKOWITZ, ALI NELOVIC, MANHATTAN SKYLINE MANAGEMENT, THE HABITAT II COMPANY","154 E. 29TH STREET, LLC",N/A,N/A,"$4,632,779.00","$2,081,792.00","$2,550,987.00",
22.48%,1014690030,"$2,875,000.00",440,EAST 75 STREET,"323 EAST 85TH STREET BASEME
NEW YORK, NY 10028","ANN MARIE VENTURA FRANK, JOHN VENTURA",,"GIOMAR REALTY, LLC",10/15/20,"$2,875,000.00","$2,432,532.00","$1,786,267.00","$646,265.00",
13.50%,1014370041,"$10,976,184.00",330,EAST 63 STREET,"1 LIBERTY PLAZA 46FLOOR
NEW YORK, NY 10006",HERBERT CHAVEZ,"ADAM GRUSHKO, REZART SPAHI, CFH EAST 63 LLC, STONEHENGE MANAGEMENT LLC","CANAL 63, LLC",11/8/21,"$10,976,184.00","$2,355,558.00","$874,254.00","$1,481,304.00",
13.44%,3016760001,"$4,451,128.00",305,DECATOUR STREET #32,,https://whoownswhat.justfix.org/en/address/BROOKLYN/305/DECATUR%20STREET,,"
ALBANY KINGSTON HOUSING DEVELOPMENT FUND
KINGSTON HEIGHTS HOUSING LLC",,,"$1,933,521.00","$1,335,090.00","$598,431.00",
11.49%,1015710002,"$617,310.00",1758,1 AVENUE,"575 RIVERSIDE DRIVE 2
NEW YORK, NY 10031",DAVID LULGJURA,"JAMES COLEMAN, 1545 LLC, HOULIHAN PARNES PROPERTIES",324 E. 93 LLC,1/16/20,"$617,310.00","$218,174.00","$147,250.00","$70,924.00",
11.22%,1012000002,"$11,400,000.00",57,WEST 86 STREET,"155 EAST 26TH STREET
NEW YORK, NY 10010",CHRISTOPHER HART-ZAFRA,"PAUL XUEREB, STEVE SUNG, ENDEAVOR GUIDANCE LLC, TRI-STAR EQUITIES","DAVID HERZOG LLC, MICHAEL HERZOG LLC",11/4/20,"$11,400,000.00","$1,386,449.00","$107,011.00","$1,279,438.00",
10.52%,2030500070,"$4,463,828.00",2277,BATHGATE AVE,"450 WEST 14TH STREET 8FLOOR
NEW YORK, NY 10014","PETER FINE (HEAD OFFICER), CHRISTINA PIMENTEL, BATHGATE AVENUE ASSOCIATES LP, WAVECREST MANAGEMENT GROUP",,"BATHGATE GROUND, LLC",1/23/20,"$4,463,827.00","$1,058,405.00","$588,764.00","$469,641.00",
9.80%,1020120039,"$6,338,503.00",,,,,,,,,"$820,672.00","$199,182.00","$621,490.00",
8.82%,1002800054,"$7,000,000.00",,,,,,,,,"$802,910.00","$185,578.00","$617,332.00",
8.47%,3007090058,"$9,000,000.00",,,,,,,,,"$912,786.00","$150,049.00","$762,737.00",
8.29%,1004290016,"$5,000,000.00",,,,,,,,,"$563,098.00","$148,372.00","$414,726.00",
7.66%,1015550001,"$8,000,000.00",,,,,,,,,"$858,837.00","$246,133.00","$612,704.00",
7.35%,1018400010,"$21,500,000.00",,,,,,,,,"$1,827,132.00","$247,354.00","$1,579,778.00",
7.31%,1015490024,"$14,500,000.00",,,,,,,,,"$1,437,768.00","$377,343.00","$1,060,425.00",
7.12%,2037380010,"$7,900,000.00",,,,,,,,,"$960,347.00","$398,078.00","$562,269.00",
6.83%,3018580024,"$4,772,727.00",,,,,,,,,"$1,532,590.00","$1,206,664.00","$325,926.00",
6.64%,3049470003,"$2,220,000.00",,,,,,,,,"$244,467.00","$97,102.00","$147,365.00",
6.31%,1016330033,"$4,500,000.00",,,,,,,,,"$378,264.00","$94,096.00","$284,168.00",
6.21%,3009510046,"$3,000,000.00",,,,,,,,,"$238,902.00","$52,680.00","$186,222.00",
5.96%,4012910056,"$6,274,000.00",,,,,,,,,"$528,842.00","$155,084.00","$373,758.00",
5.90%,2030020047,"$3,700,000.00",,,,,,,,,"$439,600.00","$221,416.00","$218,184.00",
5.88%,3068780048,"$20,750,000.00",,,,,,,,,"$2,313,229.00","$1,093,260.00","$1,219,969.00",
5.88%,2037380001,"$7,100,000.00",,,,,,,,,"$810,290.00","$392,924.00","$417,366.00",
5.85%,3069960071,"$1,600,000.00",,,,,,,,,"$153,053.00","$59,437.00","$93,616.00",
5.74%,1014400020,"$4,595,500.00",,,,,,,,,"$365,130.00","$101,529.00","$263,601.00",
5.73%,1014500012,"$5,250,000.00",,,,,,,,,"$442,111.00","$141,517.00","$300,594.00",
5.68%,4021390001,"$26,500,000.00",,,,,,,,,"$2,586,048.00","$1,081,147.00","$1,504,901.00",
5.61%,3012060028,"$5,585,336.00",,,,,,,,,"$636,192.00","$323,002.00","$313,190.00",
5.54%,2032840057,"$4,125,000.00",,,,,,,,,"$481,436.00","$252,763.00","$228,673.00",
5.54%,3050560081,"$4,150,000.00",,,,,,,,,"$311,986.00","$81,990.00","$229,996.00",
5.52%,1015480148,"$3,500,000.00",,,,,,,,,"$276,535.00","$83,330.00","$193,205.00",
5.49%,1011220019,"$6,060,000.00",,,,,,,,,"$388,110.00","$55,712.00","$332,398.00",
5.27%,2028080062,"$12,480,000.00",,,,,,,,,"$1,112,043.00","$454,549.00","$657,494.00",
5.20%,3010410064,"$3,040,000.00",,,,,,,,,"$233,450.00","$75,240.00","$158,210.00",
5.20%,1022420037,"$15,150,000.00",,,,,,,,,"$1,029,629.00","$241,479.00","$788,150.00",
5.17%,3010050038,"$2,536,000.00",,,,,,,,,"$185,379.00","$54,314.00","$131,065.00",
5.11%,1014400019,"$5,504,500.00",,,,,,,,,"$366,974.00","$85,625.00","$281,349.00",
5.10%,3012190056,"$4,330,000.00",,,,,,,,,"$393,020.00","$172,158.00","$220,862.00",
5.07%,3030490043,"$15,000,000.00",,,,,,,,,"$1,147,073.00","$387,173.00","$759,900.00",
5.04%,1019880123,"$8,425,000.00",,,,,,,,,"$826,688.00","$402,312.00","$424,376.00",
5.03%,4097730005,"$22,250,000.00",,,,,,,,,"$2,199,917.00","$1,081,445.00","$1,118,472.00",
5.02%,1004010013,"$3,950,000.00",,,,,,,,,"$281,610.00","$83,456.00","$198,154.00",
4.98%,3013140050,"$6,100,000.00",,,,,,,,,"$521,952.00","$218,069.00","$303,883.00",
4.91%,1021590005,"$5,388,000.00",,,,,,,,,"$522,191.00","$257,448.00","$264,743.00",
4.91%,3007480057,"$3,500,000.00",,,,,,,,,"$257,008.00","$85,080.00","$171,928.00",
4.91%,2027900018,"$3,850,000.00",,,,,,,,,"$369,148.00","$180,034.00","$189,114.00",
4.90%,1011850031,"$4,450,000.00",,,,,,,,,"$293,478.00","$75,236.00","$218,242.00",
4.89%,3051850069,"$7,000,000.00",,,,,,,,,"$751,555.00","$409,333.00","$342,222.00",
4.85%,3023170005,"$45,340,000.00",,,,,,,,,"$3,413,906.00","$1,217,168.00","$2,196,738.00",
4.81%,2038120001,"$3,960,000.00",,,,,,,,,"$434,518.00","$244,179.00","$190,339.00",
4.70%,4017050035,"$4,785,000.00",,,,,,,,,"$501,156.00","$276,034.00","$225,122.00",
4.63%,2031560027,"$11,500,000.00",,,,,,,,,"$1,088,416.00","$555,507.00","$532,909.00",
4.57%,3023070001,"$137,750,000.00",,,,,,,,,"$9,305,588.00","$3,008,156.00","$6,297,432.00",
4.57%,1015510045,"$4,500,000.00",,,,,,,,,"$308,000.00","$102,488.00","$205,512.00",
4.49%,1019940062,"$15,800,000.00",,,,,,,,,"$1,178,402.00","$469,081.00","$709,321.00",
4.47%,1021420078,"$5,000,000.00",,,,,,,,,"$387,741.00","$164,101.00","$223,640.00",
4.47%,1015220037,"$6,650,000.00",,,,,,,,,"$456,783.00","$159,848.00","$296,935.00",
4.46%,1020670036,"$5,100,000.00",,,,,,,,,"$502,657.00","$275,281.00","$227,376.00",
4.45%,1018770018,"$10,000,000.00",,,,,,,,,"$868,694.00","$424,067.00","$444,627.00",
4.42%,1014140013,"$17,500,000.00",,,,,,,,,"$1,002,403.00","$228,766.00","$773,637.00",
4.32%,3009340039,"$3,700,000.00",,,,,,,,,"$216,216.00","$56,289.00","$159,927.00",
4.28%,3009660043,"$4,492,000.00",,,,,,,,,"$287,854.00","$95,724.00","$192,130.00",
4.28%,1015520038,"$4,525,000.00",,,,,,,,,"$347,181.00","$153,677.00","$193,504.00",
4.26%,1021420063,"$6,000,000.00",,,,,,,,,"$452,403.00","$197,048.00","$255,355.00",
4.23%,1021770218,"$10,150,000.00",,,,,,,,,"$857,785.00","$428,550.00","$429,235.00",
4.22%,1019400055,"$2,750,000.00",,,,,,,,,"$265,281.00","$149,329.00","$115,952.00",
4.18%,1015220037,"$7,097,381.00",,,,,,,,,"$456,783.00","$159,848.00","$296,935.00",
4.17%,3047240040,"$4,250,000.00",,,,,,,,,"$418,871.00","$241,651.00","$177,220.00",
4.16%,4006860027,"$2,350,000.00",,,,,,,,,"$220,139.00","$122,480.00","$97,659.00",
4.13%,1014840049,"$7,800,000.00",,,,,,,,,"$447,628.00","$125,376.00","$322,252.00",
4.13%,1021750100,"$7,850,000.00",,,,,,,,,"$694,932.00","$371,052.00","$323,880.00",
4.11%,3011050063,"$4,200,000.00",,,,,,,,,"$246,658.00","$74,120.00","$172,538.00",
4.09%,4030790086,"$12,600,000.00",,,,,,,,,"$971,577.00","$456,350.00","$515,227.00",
4.08%,1015640037,"$3,185,000.00",,,,,,,,,"$255,042.00","$125,231.00","$129,811.00",
4.05%,1005250032,"$11,000,000.00",,,,,,,,,"$744,581.00","$298,558.00","$446,023.00",
4.04%,2039840001,"$11,250,000.00",,,,,,,,,"$1,242,416.00","$788,214.00","$454,202.00",
4.03%,2031030020,"$6,250,000.00",,,,,,,,,"$687,184.00","$435,243.00","$251,941.00",
4.01%,1013980014,"$5,750,000.00",,,,,,,,,"$340,985.00","$110,291.00","$230,694.00",
3.97%,3050820091,"$1,450,000.00",,,,,,,,,"$218,604.00","$161,057.00","$57,547.00",
3.93%,3027610010,"$3,800,000.00",,,,,,,,,"$262,460.00","$113,224.00","$149,236.00",
3.90%,1001790032,"$41,000,000.00",,,,,,,,,"$1,968,217.00","$367,839.00","$1,600,378.00",
3.84%,3011660064,"$2,861,325.00",,,,,,,,,"$184,742.00","$74,850.00","$109,892.00",
3.82%,1005710018,"$23,500,000.00",,,,,,,,,"$1,067,468.00","$170,144.00","$897,324.00",
3.82%,1018800023,"$5,050,000.00",,,,,,,,,"$368,287.00","$175,461.00","$192,826.00",
3.81%,3012280060,"$12,725,000.00",,,,,,,,,"$1,179,497.00","$694,900.00","$484,597.00",
3.75%,2029270014,"$1,800,000.00",,,,,,,,,"$194,043.00","$126,470.00","$67,573.00",
3.70%,1010750049,"$4,000,000.00",,,,,,,,,"$302,948.00","$154,784.00","$148,164.00",
3.69%,3002740035,"$3,850,000.00",,,,,,,,,"$186,882.00","$44,644.00","$142,238.00",
3.69%,3019690022,"$46,300,000.00",,,,,,,,,"$2,627,041.00","$918,680.00","$1,708,361.00",
3.65%,2028970127,"$5,000,000.00",,,,,,,,,"$509,943.00","$327,277.00","$182,666.00",
3.53%,1004140061,"$1,950,100.00",,,,,,,,,"$187,636.00","$118,827.00","$68,809.00",
3.52%,1015290037,"$10,192,849.00",,,,,,,,,"$464,062.00","$104,844.00","$359,218.00",
3.50%,1021420081,"$4,400,000.00",,,,,,,,,"$424,906.00","$271,023.00","$153,883.00",
3.46%,2028050045,"$6,350,000.00",,,,,,,,,"$465,093.00","$245,231.00","$219,862.00",
3.41%,1006100060,"$92,600,000.00",,,,,,,,,"$5,075,867.00","$1,916,148.00","$3,159,719.00",
3.38%,2032730321,"$5,500,000.00",,,,,,,,,"$548,322.00","$362,376.00","$185,946.00",
3.38%,4095230051,"$6,100,000.00",,,,,,,,,"$388,912.00","$182,954.00","$205,958.00",
3.38%,3058510040,"$5,485,000.00",,,,,,,,,"$312,852.00","$127,674.00","$185,178.00",
3.35%,2039230038,"$1,900,000.00",,,,,,,,,"$98,766.00","$35,143.00","$63,623.00",
3.30%,3033040019,"$12,900,000.00",,,,,,,,,"$647,646.00","$221,993.00","$425,653.00",
3.27%,2029710019,"$2,625,000.00",,,,,,,,,"$132,473.00","$46,622.00","$85,851.00",
3.23%,2031620009,"$2,987,500.00",,,,,,,,,"$279,143.00","$182,536.00","$96,607.00",
3.23%,1004180047,"$5,350,000.00",,,,,,,,,"$367,698.00","$195,124.00","$172,574.00",
3.21%,2046540001,"$5,200,000.00",,,,,,,,,"$606,628.00","$439,560.00","$167,068.00",
3.17%,3066210001,"$8,150,000.00",,,,,,,,,"$428,419.00","$170,097.00","$258,322.00",
3.15%,1004920004,"$8,862,500.00",,,,,,,,,"$432,853.00","$153,649.00","$279,204.00",
3.12%,3051390032,"$8,500,000.00",,,,,,,,,"$802,169.00","$537,267.00","$264,902.00",
3.07%,3009180012,"$5,400,000.00",,,,,,,,,"$207,940.00","$41,895.00","$166,045.00",
3.04%,1021420097,"$5,200,000.00",,,,,,,,,"$393,514.00","$235,635.00","$157,879.00",
3.00%,3010160081,"$3,040,000.00",,,,,,,,,"$171,860.00","$80,812.00","$91,048.00",
2.99%,3033040014,"$15,700,000.00",,,,,,,,,"$697,251.00","$227,309.00","$469,942.00",
2.98%,3014830003,"$30,600,000.00",,,,,,,,,"$1,383,250.00","$472,343.00","$910,907.00",
2.94%,1014840051,"$6,050,000.00",,,,,,,,,"$256,029.00","$77,970.00","$178,059.00",
2.93%,4006230063,"$3,100,000.00",,,,,,,,,"$130,117.00","$39,147.00","$90,970.00",
2.80%,1015790040,"$2,695,000.00",,,,,,,,,"$159,572.00","$84,125.00","$75,447.00",
2.76%,1017270006,"$5,150,000.00",,,,,,,,,"$455,268.00","$313,109.00","$142,159.00",
2.75%,2028080009,"$3,800,000.00",,,,,,,,,"$412,418.00","$308,065.00","$104,353.00",
2.72%,1014460004,"$5,975,000.00",,,,,,,,,"$245,518.00","$82,953.00","$162,565.00",
2.68%,1011960114,"$3,900,000.00",,,,,,,,,"$203,764.00","$99,190.00","$104,574.00",
2.63%,2033050010,"$3,100,000.00",,,,,,,,,"$248,551.00","$166,871.00","$81,680.00",
2.60%,3019970020,"$8,353,019.00",,,,,,,,,"$537,246.00","$320,049.00","$217,197.00",
2.59%,4032560031,"$4,250,000.00",,,,,,,,,"$157,117.00","$47,009.00","$110,108.00",
2.58%,3012680001,"$1,800,000.00",,,,,,,,,"$117,342.00","$70,840.00","$46,502.00",
2.58%,3002490025,"$2,800,000.00",,,,,,,,,"$133,590.00","$61,330.00","$72,260.00",
2.48%,1011460061,"$37,750,000.00",,,,,,,,,"$2,265,703.00","$1,329,506.00","$936,197.00",
2.48%,3067480016,"$5,050,000.00",1806,OCEAN AVENUE,3030 OCEAN AVENUE AA 11235,"ROBERT IZSAK (HeadOfficer), ROBERT IZSAK (Agent), MAX ROVT (Officer)","ROBERT IZSAK (Agent), 3030 OCEAN AVENUE AA BROOKLYN, NY 11235; ROBERT IZSAK (HeadOfficer), 3030 OCEAN AVENUE AA BROOKLYN, NY 11235; MAX ROVT (Officer), 3030 OCEAN AVENUE AA BROOKLYN, NY 11235; 1806 OCEAN AVENUE LLC (Corporation), 3030 OCEAN AVENUE AA BROOKLYN, NY 11235; 1806 OCEAN REALTY LLC (Corporation), 3030 OCEAN AVENUE AA BROOKLYN, NY 11235",,,,"$555,026.00","$429,803.00","$125,223.00",
2.48%,1021700001,"$6,800,000.00",,,,,,,,,"$323,042.00","$154,561.00","$168,481.00",
2.45%,3046740021,"$3,730,000.00",,,,,,,,,"$234,623.00","$143,285.00","$91,338.00",
2.42%,1012050022,"$20,000,000.00",,,,,,,,,"$1,007,974.00","$524,773.00","$483,201.00",
2.42%,1004090001,"$4,750,000.00",,,,,,,,,"$296,837.00","$182,079.00","$114,758.00",
2.40%,1015770027,"$67,000,000.00",,,,,,,,,"$3,019,147.00","$1,407,867.00","$1,611,280.00",
2.38%,3011640082,"$8,583,975.00",,,,,,,,,"$319,756.00","$115,377.00","$204,379.00",
2.36%,2024260002,"$1,900,000.00",,,,,,,,,"$151,437.00","$106,637.00","$44,800.00",
2.31%,1015210064,"$27,250,000.00",,,,,,,,,"$1,154,346.00","$523,661.00","$630,685.00",
2.30%,2049940041,"$5,050,000.00",,,,,,,,,"$439,558.00","$323,191.00","$116,367.00",
2.25%,1014530010,"$3,700,000.00",,,,,,,,,"$353,213.00","$269,897.00","$83,316.00",
2.23%,1004710017,"$6,225,000.00",,,,,,,,,"$311,137.00","$172,312.00","$138,825.00",
2.22%,1004090003,"$9,080,000.00",,,,,,,,,"$349,530.00","$148,392.00","$201,138.00",
2.21%,1012710007,"$45,000,000.00",,,,,,,,,"$2,818,293.00","$1,822,992.00","$995,301.00",
2.19%,3010470003,"$86,000,000.00",,,,,,,,,"$2,133,097.00","$247,459.00","$1,885,638.00",
2.17%,1013470001,"$7,100,000.00",,,,,,,,,"$276,862.00","$123,122.00","$153,740.00",
2.09%,1013100027,"$47,000,000.00",,,,,,,,,"$3,028,680.00","$2,045,417.00","$983,263.00",
2.09%,1004630049,"$4,675,000.00",,,,,,,,,"$196,732.00","$99,177.00","$97,555.00",
2.06%,3001760036,"$16,500,000.00",,,,,,,,,"$491,449.00","$150,858.00","$340,591.00",
2.05%,3011770007,"$22,000,000.00",,,,,,,,,"$735,015.00","$283,443.00","$451,572.00",
2.03%,2033190014,"$3,500,000.00",,,,,,,,,"$235,518.00","$164,328.00","$71,190.00",
2.02%,3051630063,"$5,722,650.00",,,,,,,,,"$199,741.00","$84,066.00","$115,675.00",
2.00%,1014510029,"$4,900,000.00",,,,,,,,,"$119,446.00","$21,680.00","$97,766.00",
1.99%,3024950008,"$2,400,000.00",,,,,,,,,"$187,740.00","$140,056.00","$47,684.00",
1.94%,1012030040,"$3,800,000.00",,,,,,,,,"$124,675.00","$50,850.00","$73,825.00",
1.91%,1012140106,"$5,200,000.00",,,,,,,,,"$257,115.00","$157,946.00","$99,169.00",
1.88%,3013860054,"$3,240,000.00",,,,,,,,,"$165,377.00","$104,454.00","$60,923.00",
1.83%,3009140001,"$7,000,000.00",,,,,,,,,"$276,235.00","$148,140.00","$128,095.00",
1.82%,1003900057,"$3,425,000.00",,,,,,,,,"$231,585.00","$169,172.00","$62,413.00",
1.82%,1013430036,"$66,248,000.00",,,,,,,,,"$2,680,861.00","$1,476,913.00","$1,203,948.00",
1.81%,1004600019,"$4,000,000.00",,,,,,,,,"$135,709.00","$63,412.00","$72,297.00",
1.79%,3051220044,"$5,700,000.00",,,,,,,,,"$485,316.00","$383,374.00","$101,942.00",
1.75%,2027030020,"$3,200,000.00",,,,,,,,,"$309,572.00","$253,724.00","$55,848.00",
1.68%,2022660005,"$5,000,000.00",,,,,,,,,"$469,000.00","$385,000.00","$84,000.00",
1.67%,1018600064,"$4,416,383.00",,,,,,,,,"$91,328.00","$17,639.00","$73,689.00",
1.60%,1006250044,"$3,318,000.00",,,,,,,,,"$127,179.00","$74,188.00","$52,991.00",
1.55%,1018620064,"$5,427,219.00",,,,,,,,,"$103,728.00","$19,654.00","$84,074.00",
1.55%,1018600063,"$4,977,334.00",,,,,,,,,"$83,314.00","$6,326.00","$76,988.00",
1.46%,1017670021,"$4,000,000.00",,,,,,,,,"$327,407.00","$269,010.00","$58,397.00",
1.46%,2022920037,"$11,250,000.00",,,,,,,,,"$979,416.00","$815,472.00","$163,944.00",
1.44%,3013990052,"$2,450,000.00",,,,,,,,,"$83,277.00","$48,005.00","$35,272.00",
1.37%,1004940009,"$8,862,500.00",,,,,,,,,"$324,344.00","$203,285.00","$121,059.00",
1.31%,3032370027,"$4,000,000.00",,,,,,,,,"$335,738.00","$283,416.00","$52,322.00",
1.27%,3065410046,"$5,518,000.00",,,,,,,,,"$134,500.00","$64,441.00","$70,059.00",
1.21%,1016150011,"$5,500,000.00",,,,,,,,,"$252,787.00","$186,152.00","$66,635.00",
1.18%,1018430017,"$10,510,291.00",,,,,,,,,"$150,425.00","$26,884.00","$123,541.00",
1.17%,1018430051,"$10,510,291.00",,,,,,,,,"$150,425.00","$27,269.00","$123,156.00",
1.12%,1009100001,"$4,400,000.00",,,,,,,,,"$70,986.00","$21,808.00","$49,178.00",
1.09%,1019870029,"$5,925,000.00",,,,,,,,,"$343,752.00","$279,068.00","$64,684.00",
1.09%,2023790026,"$1,400,000.00",,,,,,,,,"$109,680.00","$94,450.00","$15,230.00",
1.02%,1015140058,"$6,800,000.00",,,,,,,,,"$152,966.00","$83,513.00","$69,453.00",
0.99%,1010320103,"$3,500,000.00",,,,,,,,,"$61,056.00","$26,530.00","$34,526.00",
0.98%,1012320014,"$70,250,000.00",,,,,,,,,"$1,421,800.00","$734,405.00","$687,395.00",
0.95%,1014670144,"$2,800,000.00",,,,,,,,,"$61,410.00","$34,746.00","$26,664.00",
0.94%,1005070012,"$8,000,000.00",,,,,,,,,"$280,683.00","$205,146.00","$75,537.00",
0.87%,1018600061,"$13,155,176.00",,,,,,,,,"$155,123.00","$40,749.00","$114,374.00",
0.87%,1015140058,"$8,000,000.00",,,,,,,,,"$152,966.00","$83,513.00","$69,453.00",
0.86%,1015790137,"$5,289,000.00",,,,,,,,,"$292,160.00","$246,566.00","$45,594.00",
0.86%,1010100023,"$7,300,000.00",,,,,,,,,"$77,875.00","$15,422.00","$62,453.00",
0.85%,1012110003,"$6,350,000.00",,,,,,,,,"$136,554.00","$82,694.00","$53,860.00",
0.84%,1018620003,"$9,998,638.00",,,,,,,,,"$149,895.00","$65,771.00","$84,124.00",
0.83%,1015640021,"$2,450,000.00",,,,,,,,,"$193,626.00","$173,350.00","$20,276.00",
0.82%,1017250001,"$3,750,000.00",,,,,,,,,"$123,531.00","$92,923.00","$30,608.00",
0.80%,3046750045,"$2,900,000.00",,,,,,,,,"$324,887.00","$301,644.00","$23,243.00",
0.79%,2037230048,"$5,000,000.00",,,,,,,,,"$257,446.00","$218,011.00","$39,435.00",
0.78%,1010640055,"$4,550,000.00",,,,,,,,,"$35,428.00",,"$35,428.00",
0.76%,1005370006,"$11,200,000.00",,,,,,,,,"$446,341.00","$360,951.00","$85,390.00",
0.74%,1010320004,"$3,500,000.00",,,,,,,,,"$55,440.00","$29,391.00","$26,049.00",
0.72%,1008580008,"$380,600,000.00",,,,,,,,,"$21,035,454.00","$18,300,930.00","$2,734,524.00",
0.71%,1004630017,"$8,475,000.00",,,,,,,,,"$358,884.00","$298,590.00","$60,294.00",
0.63%,1010320063,"$3,500,000.00",,,,,,,,,"$50,712.00","$28,501.00","$22,211.00",
0.60%,2031910054,"$3,025,000.00",,,,,,,,,"$148,027.00","$129,759.00","$18,268.00",
0.38%,1007630005,"$4,000,000.00",,,,,,,,,"$240,361.00","$225,223.00","$15,138.00",
0.35%,1004000042,"$2,500,000.00",,,,,,,,,"$98,406.00","$89,730.00","$8,676.00",
0.29%,3046950031,"$4,050,000.00",,,,,,,,,"$37,758.00","$25,981.00","$11,777.00",
0.25%,1015640038,"$3,920,000.00",,,,,,,,,"$282,943.00","$272,973.00","$9,970.00",
0.21%,3032800004,"$680,000.00",,,,,,,,,"$37,788.00","$36,365.00","$1,423.00",
0.07%,1004050013,"$9,923,209.00",,,,,,,,,"$61,983.00","$54,641.00","$7,342.00",
0.03%,1004550027,"$3,526,000.00",,,,,,,,,"$215,988.00","$214,800.00","$1,188.00",
-0.13%,1013760122,"$20,000,000.00",,,,,,,,,"$4,083.00","$30,540.00","-$26,457.00",
-0.14%,1013310039,"$38,000,000.00",,,,,,,,,"$1,812,776.00","$1,866,887.00","-$54,111.00",
-0.16%,4034890024,"$950,000.00",,,,,,,,,"$78,696.00","$80,251.00","-$1,555.00",
-0.20%,1004610039,"$8,710,372.00",,,,,,,,,"$25,898.00","$42,957.00","-$17,059.00",
-0.26%,1004050015,"$9,482,177.00",,,,,,,,,"$37,072.00","$61,757.00","-$24,685.00",
-0.27%,1004070054,"$2,800,000.00",,,,,,,,,"$222,461.00","$230,041.00","-$7,580.00",
-0.32%,1004610041,"$5,953,925.00",,,,,,,,,"$19,036.00","$37,798.00","-$18,762.00",
-0.41%,1008970044,"$6,000,000.00",,,,,,,,,"$305,000.00","$329,510.00","-$24,510.00",
-0.44%,1012380061,"$3,000,000.00",,,,,,,,,"$15,288.00","$28,376.00","-$13,088.00",
-0.46%,1004380051,"$9,041,146.00",,,,,,,,,"$40,857.00","$82,554.00","-$41,697.00",
-0.46%,3014070041,"$3,170,000.00",,,,,,,,,"$72,082.00","$86,760.00","-$14,678.00",
-0.48%,4034590002,"$1,200,000.00",,,,,,,,,"$91,000.00","$96,708.00","-$5,708.00",
-0.49%,1004610042,"$8,379,598.00",,,,,,,,,"$4,182.00","$45,201.00","-$41,019.00",
-0.51%,1012020019,"$5,595,000.00",,,,,,,,,"$24,000.00","$52,661.00","-$28,661.00",
-0.52%,3018030072,"$2,500,000.00",,,,,,,,,"$148,548.00","$161,563.00","-$13,015.00",
-0.55%,1004540059,"$19,475,951.00",,,,,,,,,"$9,087.00","$116,543.00","-$107,456.00",
-0.69%,1004610022,"$9,371,919.00",,,,,,,,,"$14,851.00","$79,482.00","-$64,631.00",
-0.69%,1004610045,"$8,159,083.00",,,,,,,,,"$13,247.00","$69,766.00","-$56,519.00",
-0.76%,1021570067,"$7,171,429.00",,,,,,,,,"$636,800.00","$691,032.00","-$54,232.00",
-0.86%,4034000002,"$1,220,000.00",,,,,,,,,"$47,564.00","$58,103.00","-$10,539.00",
-0.96%,2030750028,"$1,776,000.00",,,,,,,,,"$21,026.00","$38,132.00","-$17,106.00",
-1.14%,2024330059,"$1,750,000.00",,,,,,,,,"$1,296.00","$21,172.00","-$19,876.00",
-1.16%,1007450049,"$4,700,000.00",,,,,,,,,"$279,917.00","$334,432.00","-$54,515.00",
-1.19%,1013100038,"$4,850,000.00",,,,,,,,,"$33,314.00","$91,262.00","-$57,948.00",
-1.24%,3015400018,"$1,700,000.00",,,,,,,,,"$1,055.00","$22,091.00","-$21,036.00",
-1.26%,1012040054,"$3,100,000.00",,,,,,,,,"$8,175.00","$47,145.00","-$38,970.00",
-1.29%,1005550040,"$3,350,000.00",,,,,,,,,"$5,226.00","$48,426.00","-$43,200.00",
-1.52%,1010320101,"$2,900,000.00",,,,,,,,,"$19,598.00","$63,572.00","-$43,974.00",
-2.30%,1014300002,"$5,000,000.00",,,,,,,,,"$1,475,566.00","$1,590,649.00","-$115,083.00",
-2.74%,1004350011,"$8,500,000.00",,,,,,,,,"$371,827.00","$604,802.00","-$232,975.00",
-3.76%,2032120078,"$2,075,000.00",,,,,,,,,"$228,863.00","$306,842.00","-$77,979.00",
-6.43%,1020790029,"$4,378,788.00",,,,,,,,,"$426,953.00","$708,489.00","-$281,536.00",